CREATE DATABASE shoppingmall;

CREATE TABLE `tb_user` (
  `id` bigint(20) NOT NULL AUTO_INCREMENT,
  `username` varchar(50) NOT NULL COMMENT '用户名',
  `password` varchar(32) NOT NULL COMMENT '密码，加密存储',
  `phone` varchar(20) DEFAULT NULL COMMENT '注册手机号',
  `email` varchar(50) DEFAULT NULL COMMENT '注册邮箱',
  `created` datetime NOT NULL COMMENT '创建时间',
  `updated` datetime NOT NULL,
  `source_type` varchar(1) DEFAULT NULL COMMENT '会员来源：1:PC，2：H5，3：Android，4：IOS，5：WeChat',
  `nick_name` varchar(50) DEFAULT NULL COMMENT '昵称',
  `name` varchar(50) DEFAULT NULL COMMENT '真实姓名',
  `status` varchar(1) DEFAULT NULL COMMENT '使用状态（Y正常 N非正常）',
  `head_pic` varchar(150) DEFAULT NULL COMMENT '头像地址',
  `qq` varchar(20) DEFAULT NULL COMMENT 'QQ号码',
  `account_balance` decimal(10,0) DEFAULT NULL COMMENT '账户余额',
  `is_mobile_check` varchar(1) DEFAULT '0' COMMENT '手机是否验证 （0否  1是）',
  `is_email_check` varchar(1) DEFAULT '0' COMMENT '邮箱是否检测（0否  1是）',
  `sex` varchar(1) DEFAULT '0' COMMENT '性别，1男，2女',
  `user_level` int(11) DEFAULT NULL COMMENT '会员等级',
  `points` int(11) DEFAULT NULL COMMENT '积分',
  `experience_value` int(11) DEFAULT NULL COMMENT '经验值',
  `birthday` datetime DEFAULT NULL COMMENT '生日',
  `last_login_time` datetime DEFAULT NULL COMMENT '最后登录时间',
  PRIMARY KEY (`id`),
  UNIQUE KEY `username` USING BTREE (`username`)
) ENGINE=InnoDB AUTO_INCREMENT=16 DEFAULT CHARSET=utf8 COMMENT='用户表';

CREATE TABLE `tb_order` (
  `order_id` bigint(20) NOT NULL COMMENT '订单id',
  `payment` decimal(20,2) DEFAULT NULL COMMENT '实付金额。精确到2位小数;单位:元。如:200.07，表示:200元7分',
  `payment_type` varchar(1) COLLATE utf8_bin DEFAULT NULL COMMENT '支付类型，1、在线支付，2、货到付款',
  `post_fee` varchar(50) COLLATE utf8_bin DEFAULT NULL COMMENT '邮费。精确到2位小数;单位:元。如:200.07，表示:200元7分',
  `status` varchar(1) COLLATE utf8_bin DEFAULT NULL COMMENT '状态：1、未付款，2、已付款，3、未发货，4、已发货，5、交易成功，6、交易关闭,7、待评价',
  `create_time` datetime DEFAULT NULL COMMENT '订单创建时间',
  `update_time` datetime DEFAULT NULL COMMENT '订单更新时间',
  `payment_time` datetime DEFAULT NULL COMMENT '付款时间',
  `consign_time` datetime DEFAULT NULL COMMENT '发货时间',
  `end_time` datetime DEFAULT NULL COMMENT '交易完成时间',
  `close_time` datetime DEFAULT NULL COMMENT '交易关闭时间',
  `shipping_name` varchar(20) COLLATE utf8_bin DEFAULT NULL COMMENT '物流名称',
  `shipping_code` varchar(20) COLLATE utf8_bin DEFAULT NULL COMMENT '物流单号',
  `user_id` varchar(50) COLLATE utf8_bin DEFAULT NULL COMMENT '用户id',
  `buyer_message` varchar(100) COLLATE utf8_bin DEFAULT NULL COMMENT '买家留言',
  `buyer_nick` varchar(50) COLLATE utf8_bin DEFAULT NULL COMMENT '买家昵称',
  `buyer_rate` varchar(2) COLLATE utf8_bin DEFAULT NULL COMMENT '买家是否已经评价',
  `receiver_area_name` varchar(100) COLLATE utf8_bin DEFAULT NULL COMMENT '收货人地区名称(省，市，县)街道',
  `receiver_mobile` varchar(12) COLLATE utf8_bin DEFAULT NULL COMMENT '收货人手机',
  `receiver_zip_code` varchar(15) COLLATE utf8_bin DEFAULT NULL COMMENT '收货人邮编',
  `receiver` varchar(50) COLLATE utf8_bin DEFAULT NULL COMMENT '收货人',
  `expire` datetime DEFAULT NULL COMMENT '过期时间，定期清理',
  `invoice_type` varchar(1) COLLATE utf8_bin DEFAULT NULL COMMENT '发票类型(普通发票，电子发票，增值税发票)',
  `source_type` varchar(1) COLLATE utf8_bin DEFAULT NULL COMMENT '订单来源：1:app端，2：pc端，3：M端，4：微信端，5：手机qq端',
  `seller_id` varchar(100) COLLATE utf8_bin DEFAULT NULL COMMENT '商家ID',
  PRIMARY KEY (`order_id`),
  KEY `create_time` (`create_time`),
  KEY `buyer_nick` (`buyer_nick`),
  KEY `status` (`status`),
  KEY `payment_type` (`payment_type`)
) ENGINE=InnoDB DEFAULT CHARSET=utf8 COLLATE=utf8_bin;
insert  into `tb_order`(`order_id`,`payment`,`payment_type`,`post_fee`,`status`,`create_time`,`update_time`,`payment_time`,`consign_time`,`end_time`,`close_time`,`shipping_name`,`shipping_code`,`user_id`,`buyer_message`,`buyer_nick`,`buyer_rate`,`receiver_area_name`,`receiver_mobile`,`receiver_zip_code`,`receiver`,`expire`,`invoice_type`,`source_type`,`seller_id`) values (1,NULL,'1',NULL,'0','2017-08-24 20:42:25','2017-08-24 20:42:25',NULL,NULL,NULL,NULL,NULL,NULL,'lijialong',NULL,NULL,NULL,'金燕龙办公楼','13900112222',NULL,'李嘉诚',NULL,NULL,NULL,NULL);
insert  into `tb_order`(`order_id`,`payment`,`payment_type`,`post_fee`,`status`,`create_time`,`update_time`,`payment_time`,`consign_time`,`end_time`,`close_time`,`shipping_name`,`shipping_code`,`user_id`,`buyer_message`,`buyer_nick`,`buyer_rate`,`receiver_area_name`,`receiver_mobile`,`receiver_zip_code`,`receiver`,`expire`,`invoice_type`,`source_type`,`seller_id`) values (2,NULL,'1',NULL,'0','2017-08-24 20:44:03','2017-08-24 20:44:03',NULL,NULL,NULL,NULL,NULL,NULL,'lijialong',NULL,NULL,NULL,'金燕龙办公楼','13900112222',NULL,'李嘉诚',NULL,NULL,NULL,NULL);
insert  into `tb_order`(`order_id`,`payment`,`payment_type`,`post_fee`,`status`,`create_time`,`update_time`,`payment_time`,`consign_time`,`end_time`,`close_time`,`shipping_name`,`shipping_code`,`user_id`,`buyer_message`,`buyer_nick`,`buyer_rate`,`receiver_area_name`,`receiver_mobile`,`receiver_zip_code`,`receiver`,`expire`,`invoice_type`,`source_type`,`seller_id`) values (3,'3.00','1',NULL,'0','2017-08-24 20:46:10','2017-08-24 20:46:10',NULL,NULL,NULL,NULL,NULL,NULL,'lijialong',NULL,NULL,NULL,'金燕龙办公楼','13900112222',NULL,'李嘉诚',NULL,NULL,NULL,NULL);
insert  into `tb_order`(`order_id`,`payment`,`payment_type`,`post_fee`,`status`,`create_time`,`update_time`,`payment_time`,`consign_time`,`end_time`,`close_time`,`shipping_name`,`shipping_code`,`user_id`,`buyer_message`,`buyer_nick`,`buyer_rate`,`receiver_area_name`,`receiver_mobile`,`receiver_zip_code`,`receiver`,`expire`,`invoice_type`,`source_type`,`seller_id`) values (4,'266.64','1',NULL,'0','2017-08-24 20:46:11','2017-08-24 20:46:11',NULL,NULL,NULL,NULL,NULL,NULL,'lijialong',NULL,NULL,NULL,'金燕龙办公楼','13900112222',NULL,'李嘉诚',NULL,NULL,NULL,NULL);
insert  into `tb_order`(`order_id`,`payment`,`payment_type`,`post_fee`,`status`,`create_time`,`update_time`,`payment_time`,`consign_time`,`end_time`,`close_time`,`shipping_name`,`shipping_code`,`user_id`,`buyer_message`,`buyer_nick`,`buyer_rate`,`receiver_area_name`,`receiver_mobile`,`receiver_zip_code`,`receiver`,`expire`,`invoice_type`,`source_type`,`seller_id`) values (5,'299.97','1',NULL,'0','2017-08-24 20:46:11','2017-08-24 20:46:11',NULL,NULL,NULL,NULL,NULL,NULL,'lijialong',NULL,NULL,NULL,'金燕龙办公楼','13900112222',NULL,'李嘉诚',NULL,NULL,NULL,NULL);
insert  into `tb_order`(`order_id`,`payment`,`payment_type`,`post_fee`,`status`,`create_time`,`update_time`,`payment_time`,`consign_time`,`end_time`,`close_time`,`shipping_name`,`shipping_code`,`user_id`,`buyer_message`,`buyer_nick`,`buyer_rate`,`receiver_area_name`,`receiver_mobile`,`receiver_zip_code`,`receiver`,`expire`,`invoice_type`,`source_type`,`seller_id`) values (6,'3.00','1',NULL,'0','2017-08-24 20:46:40','2017-08-24 20:46:40',NULL,NULL,NULL,NULL,NULL,NULL,'lijialong',NULL,NULL,NULL,'金燕龙办公楼','13900112222',NULL,'李嘉诚',NULL,NULL,NULL,NULL);
insert  into `tb_order`(`order_id`,`payment`,`payment_type`,`post_fee`,`status`,`create_time`,`update_time`,`payment_time`,`consign_time`,`end_time`,`close_time`,`shipping_name`,`shipping_code`,`user_id`,`buyer_message`,`buyer_nick`,`buyer_rate`,`receiver_area_name`,`receiver_mobile`,`receiver_zip_code`,`receiver`,`expire`,`invoice_type`,`source_type`,`seller_id`) values (7,'266.64','1',NULL,'0','2017-08-24 20:46:40','2017-08-24 20:46:40',NULL,NULL,NULL,NULL,NULL,NULL,'lijialong',NULL,NULL,NULL,'金燕龙办公楼','13900112222',NULL,'李嘉诚',NULL,NULL,NULL,NULL);
insert  into `tb_order`(`order_id`,`payment`,`payment_type`,`post_fee`,`status`,`create_time`,`update_time`,`payment_time`,`consign_time`,`end_time`,`close_time`,`shipping_name`,`shipping_code`,`user_id`,`buyer_message`,`buyer_nick`,`buyer_rate`,`receiver_area_name`,`receiver_mobile`,`receiver_zip_code`,`receiver`,`expire`,`invoice_type`,`source_type`,`seller_id`) values (8,'299.97','1',NULL,'0','2017-08-24 20:46:40','2017-08-24 20:46:40',NULL,NULL,NULL,NULL,NULL,NULL,'lijialong',NULL,NULL,NULL,'金燕龙办公楼','13900112222',NULL,'李嘉诚',NULL,NULL,NULL,NULL);
insert  into `tb_order`(`order_id`,`payment`,`payment_type`,`post_fee`,`status`,`create_time`,`update_time`,`payment_time`,`consign_time`,`end_time`,`close_time`,`shipping_name`,`shipping_code`,`user_id`,`buyer_message`,`buyer_nick`,`buyer_rate`,`receiver_area_name`,`receiver_mobile`,`receiver_zip_code`,`receiver`,`expire`,`invoice_type`,`source_type`,`seller_id`) values (9,'3.00','1',NULL,'0','2017-08-24 21:01:10','2017-08-24 21:01:10',NULL,NULL,NULL,NULL,NULL,NULL,'lijialong',NULL,NULL,NULL,'金燕龙办公楼','13900112222',NULL,'李嘉诚',NULL,NULL,NULL,NULL);
insert  into `tb_order`(`order_id`,`payment`,`payment_type`,`post_fee`,`status`,`create_time`,`update_time`,`payment_time`,`consign_time`,`end_time`,`close_time`,`shipping_name`,`shipping_code`,`user_id`,`buyer_message`,`buyer_nick`,`buyer_rate`,`receiver_area_name`,`receiver_mobile`,`receiver_zip_code`,`receiver`,`expire`,`invoice_type`,`source_type`,`seller_id`) values (10,'266.64','1',NULL,'0','2017-08-24 21:01:11','2017-08-24 21:01:11',NULL,NULL,NULL,NULL,NULL,NULL,'lijialong',NULL,NULL,NULL,'金燕龙办公楼','13900112222',NULL,'李嘉诚',NULL,NULL,NULL,NULL);
insert  into `tb_order`(`order_id`,`payment`,`payment_type`,`post_fee`,`status`,`create_time`,`update_time`,`payment_time`,`consign_time`,`end_time`,`close_time`,`shipping_name`,`shipping_code`,`user_id`,`buyer_message`,`buyer_nick`,`buyer_rate`,`receiver_area_name`,`receiver_mobile`,`receiver_zip_code`,`receiver`,`expire`,`invoice_type`,`source_type`,`seller_id`) values (11,'299.97','1',NULL,'0','2017-08-24 21:01:11','2017-08-24 21:01:11',NULL,NULL,NULL,NULL,NULL,NULL,'lijialong',NULL,NULL,NULL,'金燕龙办公楼','13900112222',NULL,'李嘉诚',NULL,NULL,NULL,NULL);
insert  into `tb_order`(`order_id`,`payment`,`payment_type`,`post_fee`,`status`,`create_time`,`update_time`,`payment_time`,`consign_time`,`end_time`,`close_time`,`shipping_name`,`shipping_code`,`user_id`,`buyer_message`,`buyer_nick`,`buyer_rate`,`receiver_area_name`,`receiver_mobile`,`receiver_zip_code`,`receiver`,`expire`,`invoice_type`,`source_type`,`seller_id`) values (12,'3.00','1',NULL,'0','2017-08-24 21:05:56','2017-08-24 21:05:56',NULL,NULL,NULL,NULL,NULL,NULL,'lijialong',NULL,NULL,NULL,'金燕龙办公楼','13900112222',NULL,'李嘉诚',NULL,NULL,NULL,NULL);
insert  into `tb_order`(`order_id`,`payment`,`payment_type`,`post_fee`,`status`,`create_time`,`update_time`,`payment_time`,`consign_time`,`end_time`,`close_time`,`shipping_name`,`shipping_code`,`user_id`,`buyer_message`,`buyer_nick`,`buyer_rate`,`receiver_area_name`,`receiver_mobile`,`receiver_zip_code`,`receiver`,`expire`,`invoice_type`,`source_type`,`seller_id`) values (13,'266.64','1',NULL,'0','2017-08-24 21:05:56','2017-08-24 21:05:56',NULL,NULL,NULL,NULL,NULL,NULL,'lijialong',NULL,NULL,NULL,'金燕龙办公楼','13900112222',NULL,'李嘉诚',NULL,NULL,NULL,NULL);
insert  into `tb_order`(`order_id`,`payment`,`payment_type`,`post_fee`,`status`,`create_time`,`update_time`,`payment_time`,`consign_time`,`end_time`,`close_time`,`shipping_name`,`shipping_code`,`user_id`,`buyer_message`,`buyer_nick`,`buyer_rate`,`receiver_area_name`,`receiver_mobile`,`receiver_zip_code`,`receiver`,`expire`,`invoice_type`,`source_type`,`seller_id`) values (14,'299.97','1',NULL,'0','2017-08-24 21:05:56','2017-08-24 21:05:56',NULL,NULL,NULL,NULL,NULL,NULL,'lijialong',NULL,NULL,NULL,'金燕龙办公楼','13900112222',NULL,'李嘉诚',NULL,NULL,NULL,NULL);
insert  into `tb_order`(`order_id`,`payment`,`payment_type`,`post_fee`,`status`,`create_time`,`update_time`,`payment_time`,`consign_time`,`end_time`,`close_time`,`shipping_name`,`shipping_code`,`user_id`,`buyer_message`,`buyer_nick`,`buyer_rate`,`receiver_area_name`,`receiver_mobile`,`receiver_zip_code`,`receiver`,`expire`,`invoice_type`,`source_type`,`seller_id`) values (15,'3.00','1',NULL,'0','2017-08-24 23:07:38','2017-08-24 23:07:38',NULL,NULL,NULL,NULL,NULL,NULL,'lijialong',NULL,NULL,NULL,'金燕龙办公楼','13900112222',NULL,'李嘉诚',NULL,NULL,NULL,NULL);
insert  into `tb_order`(`order_id`,`payment`,`payment_type`,`post_fee`,`status`,`create_time`,`update_time`,`payment_time`,`consign_time`,`end_time`,`close_time`,`shipping_name`,`shipping_code`,`user_id`,`buyer_message`,`buyer_nick`,`buyer_rate`,`receiver_area_name`,`receiver_mobile`,`receiver_zip_code`,`receiver`,`expire`,`invoice_type`,`source_type`,`seller_id`) values (16,'266.64','1',NULL,'0','2017-08-24 23:07:38','2017-08-24 23:07:38',NULL,NULL,NULL,NULL,NULL,NULL,'lijialong',NULL,NULL,NULL,'金燕龙办公楼','13900112222',NULL,'李嘉诚',NULL,NULL,NULL,NULL);
insert  into `tb_order`(`order_id`,`payment`,`payment_type`,`post_fee`,`status`,`create_time`,`update_time`,`payment_time`,`consign_time`,`end_time`,`close_time`,`shipping_name`,`shipping_code`,`user_id`,`buyer_message`,`buyer_nick`,`buyer_rate`,`receiver_area_name`,`receiver_mobile`,`receiver_zip_code`,`receiver`,`expire`,`invoice_type`,`source_type`,`seller_id`) values (17,'299.97','1',NULL,'0','2017-08-24 23:07:38','2017-08-24 23:07:38',NULL,NULL,NULL,NULL,NULL,NULL,'lijialong',NULL,NULL,NULL,'金燕龙办公楼','13900112222',NULL,'李嘉诚',NULL,NULL,NULL,NULL);
insert  into `tb_order`(`order_id`,`payment`,`payment_type`,`post_fee`,`status`,`create_time`,`update_time`,`payment_time`,`consign_time`,`end_time`,`close_time`,`shipping_name`,`shipping_code`,`user_id`,`buyer_message`,`buyer_nick`,`buyer_rate`,`receiver_area_name`,`receiver_mobile`,`receiver_zip_code`,`receiver`,`expire`,`invoice_type`,`source_type`,`seller_id`) values (18,'177.76','1',NULL,'1','2017-08-25 11:59:03','2017-08-25 11:59:03',NULL,NULL,NULL,NULL,NULL,NULL,'lijialong',NULL,NULL,NULL,NULL,NULL,NULL,NULL,NULL,NULL,NULL,'yijia');
insert  into `tb_order`(`order_id`,`payment`,`payment_type`,`post_fee`,`status`,`create_time`,`update_time`,`payment_time`,`consign_time`,`end_time`,`close_time`,`shipping_name`,`shipping_code`,`user_id`,`buyer_message`,`buyer_nick`,`buyer_rate`,`receiver_area_name`,`receiver_mobile`,`receiver_zip_code`,`receiver`,`expire`,`invoice_type`,`source_type`,`seller_id`) values (19,'2.00','1',NULL,'1','2017-08-25 11:59:03','2017-08-25 11:59:03',NULL,NULL,NULL,NULL,NULL,NULL,'lijialong',NULL,NULL,NULL,NULL,NULL,NULL,NULL,NULL,NULL,NULL,'qiandu');
insert  into `tb_order`(`order_id`,`payment`,`payment_type`,`post_fee`,`status`,`create_time`,`update_time`,`payment_time`,`consign_time`,`end_time`,`close_time`,`shipping_name`,`shipping_code`,`user_id`,`buyer_message`,`buyer_nick`,`buyer_rate`,`receiver_area_name`,`receiver_mobile`,`receiver_zip_code`,`receiver`,`expire`,`invoice_type`,`source_type`,`seller_id`) values (20,'177.76','1',NULL,'1','2017-08-25 11:59:03','2017-08-25 11:59:03',NULL,NULL,NULL,NULL,NULL,NULL,'lijialong',NULL,NULL,NULL,NULL,NULL,NULL,NULL,NULL,NULL,NULL,'yijia');
insert  into `tb_order`(`order_id`,`payment`,`payment_type`,`post_fee`,`status`,`create_time`,`update_time`,`payment_time`,`consign_time`,`end_time`,`close_time`,`shipping_name`,`shipping_code`,`user_id`,`buyer_message`,`buyer_nick`,`buyer_rate`,`receiver_area_name`,`receiver_mobile`,`receiver_zip_code`,`receiver`,`expire`,`invoice_type`,`source_type`,`seller_id`) values (21,'177.76','1',NULL,'1','2017-08-25 23:26:10','2017-08-25 23:26:10',NULL,NULL,NULL,NULL,NULL,NULL,'lijialong',NULL,NULL,NULL,'中腾大厦','13301212233',NULL,'李佳星',NULL,NULL,NULL,NULL);
insert  into `tb_order`(`order_id`,`payment`,`payment_type`,`post_fee`,`status`,`create_time`,`update_time`,`payment_time`,`consign_time`,`end_time`,`close_time`,`shipping_name`,`shipping_code`,`user_id`,`buyer_message`,`buyer_nick`,`buyer_rate`,`receiver_area_name`,`receiver_mobile`,`receiver_zip_code`,`receiver`,`expire`,`invoice_type`,`source_type`,`seller_id`) values (22,'2.00','1',NULL,'1','2017-08-25 23:26:11','2017-08-25 23:26:11',NULL,NULL,NULL,NULL,NULL,NULL,'lijialong',NULL,NULL,NULL,'中腾大厦','13301212233',NULL,'李佳星',NULL,NULL,NULL,NULL);
insert  into `tb_order`(`order_id`,`payment`,`payment_type`,`post_fee`,`status`,`create_time`,`update_time`,`payment_time`,`consign_time`,`end_time`,`close_time`,`shipping_name`,`shipping_code`,`user_id`,`buyer_message`,`buyer_nick`,`buyer_rate`,`receiver_area_name`,`receiver_mobile`,`receiver_zip_code`,`receiver`,`expire`,`invoice_type`,`source_type`,`seller_id`) values (23,'177.76','1',NULL,'1','2017-08-25 23:26:11','2017-08-25 23:26:11',NULL,NULL,NULL,NULL,NULL,NULL,'lijialong',NULL,NULL,NULL,'中腾大厦','13301212233',NULL,'李佳星',NULL,NULL,NULL,NULL);
insert  into `tb_order`(`order_id`,`payment`,`payment_type`,`post_fee`,`status`,`create_time`,`update_time`,`payment_time`,`consign_time`,`end_time`,`close_time`,`shipping_name`,`shipping_code`,`user_id`,`buyer_message`,`buyer_nick`,`buyer_rate`,`receiver_area_name`,`receiver_mobile`,`receiver_zip_code`,`receiver`,`expire`,`invoice_type`,`source_type`,`seller_id`) values (24,'2.00','1',NULL,'1','2017-08-25 23:28:10','2017-08-25 23:28:10',NULL,NULL,NULL,NULL,NULL,NULL,'lijialong',NULL,NULL,NULL,'中腾大厦','13301212233',NULL,'李佳星',NULL,NULL,NULL,NULL);
insert  into `tb_order`(`order_id`,`payment`,`payment_type`,`post_fee`,`status`,`create_time`,`update_time`,`payment_time`,`consign_time`,`end_time`,`close_time`,`shipping_name`,`shipping_code`,`user_id`,`buyer_message`,`buyer_nick`,`buyer_rate`,`receiver_area_name`,`receiver_mobile`,`receiver_zip_code`,`receiver`,`expire`,`invoice_type`,`source_type`,`seller_id`) values (25,'1.00','1',NULL,'1','2017-08-25 23:49:18','2017-08-25 23:49:18',NULL,NULL,NULL,NULL,NULL,NULL,'lijialong',NULL,NULL,NULL,'中腾大厦','13301212233',NULL,'李佳星',NULL,NULL,NULL,NULL);
insert  into `tb_order`(`order_id`,`payment`,`payment_type`,`post_fee`,`status`,`create_time`,`update_time`,`payment_time`,`consign_time`,`end_time`,`close_time`,`shipping_name`,`shipping_code`,`user_id`,`buyer_message`,`buyer_nick`,`buyer_rate`,`receiver_area_name`,`receiver_mobile`,`receiver_zip_code`,`receiver`,`expire`,`invoice_type`,`source_type`,`seller_id`) values (26,'0.01','1',NULL,'1','2017-08-26 00:06:31','2017-08-26 00:06:31',NULL,NULL,NULL,NULL,NULL,NULL,'lijialong',NULL,NULL,NULL,'修正大厦','13700221122',NULL,'李佳红',NULL,NULL,NULL,NULL);
insert  into `tb_order`(`order_id`,`payment`,`payment_type`,`post_fee`,`status`,`create_time`,`update_time`,`payment_time`,`consign_time`,`end_time`,`close_time`,`shipping_name`,`shipping_code`,`user_id`,`buyer_message`,`buyer_nick`,`buyer_rate`,`receiver_area_name`,`receiver_mobile`,`receiver_zip_code`,`receiver`,`expire`,`invoice_type`,`source_type`,`seller_id`) values (27,'0.01','1',NULL,'1','2017-08-26 00:10:13','2017-08-26 00:10:13',NULL,NULL,NULL,NULL,NULL,NULL,'lijialong',NULL,NULL,NULL,'中腾大厦','13301212233',NULL,'李佳星',NULL,NULL,NULL,NULL);
insert  into `tb_order`(`order_id`,`payment`,`payment_type`,`post_fee`,`status`,`create_time`,`update_time`,`payment_time`,`consign_time`,`end_time`,`close_time`,`shipping_name`,`shipping_code`,`user_id`,`buyer_message`,`buyer_nick`,`buyer_rate`,`receiver_area_name`,`receiver_mobile`,`receiver_zip_code`,`receiver`,`expire`,`invoice_type`,`source_type`,`seller_id`) values (28,'0.01','1',NULL,'1','2017-08-26 00:17:53','2017-08-26 00:17:53',NULL,NULL,NULL,NULL,NULL,NULL,'lijialong',NULL,NULL,NULL,'中腾大厦','13301212233',NULL,'李佳星',NULL,NULL,NULL,NULL);
insert  into `tb_order`(`order_id`,`payment`,`payment_type`,`post_fee`,`status`,`create_time`,`update_time`,`payment_time`,`consign_time`,`end_time`,`close_time`,`shipping_name`,`shipping_code`,`user_id`,`buyer_message`,`buyer_nick`,`buyer_rate`,`receiver_area_name`,`receiver_mobile`,`receiver_zip_code`,`receiver`,`expire`,`invoice_type`,`source_type`,`seller_id`) values (29,'0.01','1',NULL,'1','2017-08-26 00:19:56','2017-08-26 00:19:56',NULL,NULL,NULL,NULL,NULL,NULL,'lijialong',NULL,NULL,NULL,'中腾大厦','13301212233',NULL,'李佳星',NULL,NULL,NULL,NULL);
insert  into `tb_order`(`order_id`,`payment`,`payment_type`,`post_fee`,`status`,`create_time`,`update_time`,`payment_time`,`consign_time`,`end_time`,`close_time`,`shipping_name`,`shipping_code`,`user_id`,`buyer_message`,`buyer_nick`,`buyer_rate`,`receiver_area_name`,`receiver_mobile`,`receiver_zip_code`,`receiver`,`expire`,`invoice_type`,`source_type`,`seller_id`) values (30,'0.01','1',NULL,'1','2017-08-26 00:37:47','2017-08-26 00:37:47',NULL,NULL,NULL,NULL,NULL,NULL,'lijialong',NULL,NULL,NULL,'中腾大厦','13301212233',NULL,'李佳星',NULL,NULL,NULL,NULL);
insert  into `tb_order`(`order_id`,`payment`,`payment_type`,`post_fee`,`status`,`create_time`,`update_time`,`payment_time`,`consign_time`,`end_time`,`close_time`,`shipping_name`,`shipping_code`,`user_id`,`buyer_message`,`buyer_nick`,`buyer_rate`,`receiver_area_name`,`receiver_mobile`,`receiver_zip_code`,`receiver`,`expire`,`invoice_type`,`source_type`,`seller_id`) values (31,'0.02','1',NULL,'1','2017-08-26 00:37:47','2017-08-26 00:37:47',NULL,NULL,NULL,NULL,NULL,NULL,'lijialong',NULL,NULL,NULL,'中腾大厦','13301212233',NULL,'李佳星',NULL,NULL,NULL,NULL);
insert  into `tb_order`(`order_id`,`payment`,`payment_type`,`post_fee`,`status`,`create_time`,`update_time`,`payment_time`,`consign_time`,`end_time`,`close_time`,`shipping_name`,`shipping_code`,`user_id`,`buyer_message`,`buyer_nick`,`buyer_rate`,`receiver_area_name`,`receiver_mobile`,`receiver_zip_code`,`receiver`,`expire`,`invoice_type`,`source_type`,`seller_id`) values (32,'0.02','1',NULL,'2','2017-08-26 00:41:13','2017-08-26 00:41:13',NULL,NULL,NULL,NULL,NULL,NULL,'lijialong',NULL,NULL,NULL,'中腾大厦','13301212233',NULL,'李佳星',NULL,NULL,NULL,NULL);
insert  into `tb_order`(`order_id`,`payment`,`payment_type`,`post_fee`,`status`,`create_time`,`update_time`,`payment_time`,`consign_time`,`end_time`,`close_time`,`shipping_name`,`shipping_code`,`user_id`,`buyer_message`,`buyer_nick`,`buyer_rate`,`receiver_area_name`,`receiver_mobile`,`receiver_zip_code`,`receiver`,`expire`,`invoice_type`,`source_type`,`seller_id`) values (33,'0.01','1',NULL,'2','2017-08-26 00:41:14','2017-08-26 00:41:14',NULL,NULL,NULL,NULL,NULL,NULL,'lijialong',NULL,NULL,NULL,'中腾大厦','13301212233',NULL,'李佳星',NULL,NULL,NULL,NULL);
insert  into `tb_order`(`order_id`,`payment`,`payment_type`,`post_fee`,`status`,`create_time`,`update_time`,`payment_time`,`consign_time`,`end_time`,`close_time`,`shipping_name`,`shipping_code`,`user_id`,`buyer_message`,`buyer_nick`,`buyer_rate`,`receiver_area_name`,`receiver_mobile`,`receiver_zip_code`,`receiver`,`expire`,`invoice_type`,`source_type`,`seller_id`) values (34,'0.01','1',NULL,'1','2017-08-26 11:57:26','2017-08-26 11:57:26',NULL,NULL,NULL,NULL,NULL,NULL,'lijialong',NULL,NULL,NULL,NULL,NULL,NULL,NULL,NULL,NULL,NULL,'qiandu');
insert  into `tb_order`(`order_id`,`payment`,`payment_type`,`post_fee`,`status`,`create_time`,`update_time`,`payment_time`,`consign_time`,`end_time`,`close_time`,`shipping_name`,`shipping_code`,`user_id`,`buyer_message`,`buyer_nick`,`buyer_rate`,`receiver_area_name`,`receiver_mobile`,`receiver_zip_code`,`receiver`,`expire`,`invoice_type`,`source_type`,`seller_id`) values (35,'0.01','1',NULL,'1','2017-08-26 12:21:39','2017-08-26 12:21:39',NULL,NULL,NULL,NULL,NULL,NULL,'lijialong',NULL,NULL,NULL,NULL,NULL,NULL,NULL,NULL,NULL,NULL,'qiandu');
insert  into `tb_order`(`order_id`,`payment`,`payment_type`,`post_fee`,`status`,`create_time`,`update_time`,`payment_time`,`consign_time`,`end_time`,`close_time`,`shipping_name`,`shipping_code`,`user_id`,`buyer_message`,`buyer_nick`,`buyer_rate`,`receiver_area_name`,`receiver_mobile`,`receiver_zip_code`,`receiver`,`expire`,`invoice_type`,`source_type`,`seller_id`) values (36,'0.01','1',NULL,'1','2017-08-26 12:34:46','2017-08-26 12:34:46',NULL,NULL,NULL,NULL,NULL,NULL,'lijialong',NULL,NULL,NULL,NULL,NULL,NULL,NULL,NULL,NULL,NULL,'qiandu');
insert  into `tb_order`(`order_id`,`payment`,`payment_type`,`post_fee`,`status`,`create_time`,`update_time`,`payment_time`,`consign_time`,`end_time`,`close_time`,`shipping_name`,`shipping_code`,`user_id`,`buyer_message`,`buyer_nick`,`buyer_rate`,`receiver_area_name`,`receiver_mobile`,`receiver_zip_code`,`receiver`,`expire`,`invoice_type`,`source_type`,`seller_id`) values (37,'0.01','1',NULL,'2','2017-08-26 12:47:44','2017-08-26 12:47:44',NULL,NULL,NULL,NULL,NULL,NULL,'lijialong',NULL,NULL,NULL,NULL,NULL,NULL,NULL,NULL,NULL,NULL,'qiandu');
insert  into `tb_order`(`order_id`,`payment`,`payment_type`,`post_fee`,`status`,`create_time`,`update_time`,`payment_time`,`consign_time`,`end_time`,`close_time`,`shipping_name`,`shipping_code`,`user_id`,`buyer_message`,`buyer_nick`,`buyer_rate`,`receiver_area_name`,`receiver_mobile`,`receiver_zip_code`,`receiver`,`expire`,`invoice_type`,`source_type`,`seller_id`) values (38,'0.02','1',NULL,'2','2017-08-26 12:47:44','2017-08-26 12:47:44',NULL,NULL,NULL,NULL,NULL,NULL,'lijialong',NULL,NULL,NULL,NULL,NULL,NULL,NULL,NULL,NULL,NULL,'yijia');
insert  into `tb_order`(`order_id`,`payment`,`payment_type`,`post_fee`,`status`,`create_time`,`update_time`,`payment_time`,`consign_time`,`end_time`,`close_time`,`shipping_name`,`shipping_code`,`user_id`,`buyer_message`,`buyer_nick`,`buyer_rate`,`receiver_area_name`,`receiver_mobile`,`receiver_zip_code`,`receiver`,`expire`,`invoice_type`,`source_type`,`seller_id`) values (918159799198212096,'400.00','1',NULL,'1','2017-10-12 01:02:09','2017-10-12 01:02:09',NULL,NULL,NULL,NULL,NULL,NULL,'lijialong',NULL,NULL,NULL,'咏春武馆总部','999111',NULL,'叶问',NULL,NULL,NULL,'qiandu');
insert  into `tb_order`(`order_id`,`payment`,`payment_type`,`post_fee`,`status`,`create_time`,`update_time`,`payment_time`,`consign_time`,`end_time`,`close_time`,`shipping_name`,`shipping_code`,`user_id`,`buyer_message`,`buyer_nick`,`buyer_rate`,`receiver_area_name`,`receiver_mobile`,`receiver_zip_code`,`receiver`,`expire`,`invoice_type`,`source_type`,`seller_id`) values (918334996291301376,'2004.00','2',NULL,'1','2017-10-12 12:38:19','2017-10-12 12:38:19',NULL,NULL,NULL,NULL,NULL,NULL,'lijialong',NULL,NULL,NULL,'永春武馆','11011011',NULL,'李小龙',NULL,NULL,'2','qiandu');
insert  into `tb_order`(`order_id`,`payment`,`payment_type`,`post_fee`,`status`,`create_time`,`update_time`,`payment_time`,`consign_time`,`end_time`,`close_time`,`shipping_name`,`shipping_code`,`user_id`,`buyer_message`,`buyer_nick`,`buyer_rate`,`receiver_area_name`,`receiver_mobile`,`receiver_zip_code`,`receiver`,`expire`,`invoice_type`,`source_type`,`seller_id`) values (918334996698148864,'1798.00','2',NULL,'1','2017-10-12 12:38:19','2017-10-12 12:38:19',NULL,NULL,NULL,NULL,NULL,NULL,'lijialong',NULL,NULL,NULL,'永春武馆','11011011',NULL,'李小龙',NULL,NULL,'2','yijia');
insert  into `tb_order`(`order_id`,`payment`,`payment_type`,`post_fee`,`status`,`create_time`,`update_time`,`payment_time`,`consign_time`,`end_time`,`close_time`,`shipping_name`,`shipping_code`,`user_id`,`buyer_message`,`buyer_nick`,`buyer_rate`,`receiver_area_name`,`receiver_mobile`,`receiver_zip_code`,`receiver`,`expire`,`invoice_type`,`source_type`,`seller_id`) values (918773289399160832,'200.00','1',NULL,'1','2017-10-13 17:39:56','2017-10-13 17:39:56',NULL,NULL,NULL,NULL,NULL,NULL,'lijialong',NULL,NULL,NULL,'永春武馆','11011011',NULL,'李小龙',NULL,NULL,NULL,'qiandu');
insert  into `tb_order`(`order_id`,`payment`,`payment_type`,`post_fee`,`status`,`create_time`,`update_time`,`payment_time`,`consign_time`,`end_time`,`close_time`,`shipping_name`,`shipping_code`,`user_id`,`buyer_message`,`buyer_nick`,`buyer_rate`,`receiver_area_name`,`receiver_mobile`,`receiver_zip_code`,`receiver`,`expire`,`invoice_type`,`source_type`,`seller_id`) values (918780408353546240,'0.01','1',NULL,'2','2017-10-13 18:08:14','2017-10-13 18:08:14',NULL,NULL,NULL,NULL,NULL,NULL,'lijialong',NULL,NULL,NULL,'永春武馆','11011011',NULL,'李小龙',NULL,NULL,NULL,'qiandu');
insert  into `tb_order`(`order_id`,`payment`,`payment_type`,`post_fee`,`status`,`create_time`,`update_time`,`payment_time`,`consign_time`,`end_time`,`close_time`,`shipping_name`,`shipping_code`,`user_id`,`buyer_message`,`buyer_nick`,`buyer_rate`,`receiver_area_name`,`receiver_mobile`,`receiver_zip_code`,`receiver`,`expire`,`invoice_type`,`source_type`,`seller_id`) values (918806410454654976,'0.01','1',NULL,'2','2017-10-13 19:51:33','2017-10-13 19:51:33',NULL,NULL,NULL,NULL,NULL,NULL,'lijialong',NULL,NULL,NULL,'中腾大厦','13301212233',NULL,'李佳星',NULL,NULL,NULL,'qiandu');
insert  into `tb_order`(`order_id`,`payment`,`payment_type`,`post_fee`,`status`,`create_time`,`update_time`,`payment_time`,`consign_time`,`end_time`,`close_time`,`shipping_name`,`shipping_code`,`user_id`,`buyer_message`,`buyer_nick`,`buyer_rate`,`receiver_area_name`,`receiver_mobile`,`receiver_zip_code`,`receiver`,`expire`,`invoice_type`,`source_type`,`seller_id`) values (918833485639081984,'0.01','1',NULL,'1','2017-10-13 21:39:08','2017-10-13 21:39:08',NULL,NULL,NULL,NULL,NULL,NULL,'lijialong',NULL,NULL,NULL,'中腾大厦','13301212233',NULL,'李佳星',NULL,NULL,NULL,'qiandu');
insert  into `tb_order`(`order_id`,`payment`,`payment_type`,`post_fee`,`status`,`create_time`,`update_time`,`payment_time`,`consign_time`,`end_time`,`close_time`,`shipping_name`,`shipping_code`,`user_id`,`buyer_message`,`buyer_nick`,`buyer_rate`,`receiver_area_name`,`receiver_mobile`,`receiver_zip_code`,`receiver`,`expire`,`invoice_type`,`source_type`,`seller_id`) values (918835712441212928,'0.01','1',NULL,'2','2017-10-13 21:47:59','2017-10-13 21:47:59',NULL,NULL,NULL,NULL,NULL,NULL,'lijialong',NULL,NULL,NULL,'中腾大厦','13301212233',NULL,'李佳星',NULL,NULL,NULL,'qiandu');
insert  into `tb_order`(`order_id`,`payment`,`payment_type`,`post_fee`,`status`,`create_time`,`update_time`,`payment_time`,`consign_time`,`end_time`,`close_time`,`shipping_name`,`shipping_code`,`user_id`,`buyer_message`,`buyer_nick`,`buyer_rate`,`receiver_area_name`,`receiver_mobile`,`receiver_zip_code`,`receiver`,`expire`,`invoice_type`,`source_type`,`seller_id`) values (919055624854081536,'0.01','1',NULL,'1','2017-10-14 12:21:50','2017-10-14 12:21:50',NULL,NULL,NULL,NULL,NULL,NULL,'lijialong',NULL,NULL,NULL,'中腾大厦','13301212233',NULL,'李佳星',NULL,NULL,'2','qiandu');
insert  into `tb_order`(`order_id`,`payment`,`payment_type`,`post_fee`,`status`,`create_time`,`update_time`,`payment_time`,`consign_time`,`end_time`,`close_time`,`shipping_name`,`shipping_code`,`user_id`,`buyer_message`,`buyer_nick`,`buyer_rate`,`receiver_area_name`,`receiver_mobile`,`receiver_zip_code`,`receiver`,`expire`,`invoice_type`,`source_type`,`seller_id`) values (919059760869863424,'0.02','1',NULL,'2','2017-10-14 12:38:16','2017-10-14 12:38:16',NULL,NULL,NULL,NULL,NULL,NULL,'lijialong',NULL,NULL,NULL,'金燕龙办公楼','13900112222',NULL,'李嘉诚',NULL,NULL,'2','qiandu');


#商品表
CREATE TABLE `tb_goods` (
  `id` bigint(20) NOT NULL AUTO_INCREMENT COMMENT '主键',
  `seller_id` varchar(20) DEFAULT NULL COMMENT '商家ID',
  `goods_name` varchar(100) DEFAULT NULL COMMENT 'SPU名',
  `default_item_id` bigint(20) DEFAULT NULL COMMENT '默认SKU',
  `audit_status` varchar(2) DEFAULT NULL COMMENT '状态',
  `is_marketable` varchar(1) DEFAULT NULL COMMENT '是否上架',
  `brand_id` bigint(10) DEFAULT NULL COMMENT '品牌',
  `caption` varchar(100) DEFAULT NULL COMMENT '副标题',
  `category1_id` bigint(20) DEFAULT NULL COMMENT '一级类目',
  `category2_id` bigint(10) DEFAULT NULL COMMENT '二级类目',
  `category3_id` bigint(10) DEFAULT NULL COMMENT '三级类目',
  `small_pic` varchar(150) DEFAULT NULL COMMENT '小图',
  `price` decimal(10,2) DEFAULT NULL COMMENT '商城价',
  `type_template_id` bigint(20) DEFAULT NULL COMMENT '分类模板ID',
  `is_enable_spec` varchar(1) DEFAULT NULL COMMENT '是否启用规格',
  `is_delete` varchar(1) DEFAULT NULL COMMENT '是否删除',
  PRIMARY KEY (`id`)
) ENGINE=InnoDB AUTO_INCREMENT=149187842867962 DEFAULT CHARSET=utf8;

delete from tb_goods where id=149187842867915;
insert  into `tb_goods`(`id`,`seller_id`,`goods_name`,`default_item_id`,`audit_status`,`is_marketable`,`brand_id`,`caption`,`category1_id`,`category2_id`,`category3_id`,`small_pic`,`price`,`type_template_id`,`is_enable_spec`,`is_delete`) values (149187842867915,'yijia','华为手机',NULL,'0',NULL,NULL,'打折促销中',1,2,6,NULL,'3020.00',NULL,NULL,'1');

insert  into `tb_goods`(`id`,`seller_id`,`goods_name`,`default_item_id`,`audit_status`,`is_marketable`,`brand_id`,`caption`,`category1_id`,`category2_id`,`category3_id`,`small_pic`,`price`,`type_template_id`,`is_enable_spec`,`is_delete`) values (149187842867912,'yijia','华为手机',NULL,'1',NULL,NULL,'打折促销中',NULL,NULL,NULL,NULL,'3020.00',NULL,NULL,NULL);
insert  into `tb_goods`(`id`,`seller_id`,`goods_name`,`default_item_id`,`audit_status`,`is_marketable`,`brand_id`,`caption`,`category1_id`,`category2_id`,`category3_id`,`small_pic`,`price`,`type_template_id`,`is_enable_spec`,`is_delete`) values (149187842867913,'yijia','华为手机',NULL,'0',NULL,NULL,'打折促销中',NULL,NULL,NULL,NULL,'3020.00',NULL,NULL,'1');
insert  into `tb_goods`(`id`,`seller_id`,`goods_name`,`default_item_id`,`audit_status`,`is_marketable`,`brand_id`,`caption`,`category1_id`,`category2_id`,`category3_id`,`small_pic`,`price`,`type_template_id`,`is_enable_spec`,`is_delete`) values (149187842867914,'yijia','华为手机',NULL,'0',NULL,NULL,'打折促销中',NULL,NULL,NULL,NULL,'3020.00',NULL,NULL,'1');
insert  into `tb_goods`(`id`,`seller_id`,`goods_name`,`default_item_id`,`audit_status`,`is_marketable`,`brand_id`,`caption`,`category1_id`,`category2_id`,`category3_id`,`small_pic`,`price`,`type_template_id`,`is_enable_spec`,`is_delete`) values (149187842867916,'yijia','华为手机',NULL,'0',NULL,NULL,'打折促销中',NULL,NULL,NULL,NULL,'3020.00',NULL,NULL,'1');
insert  into `tb_goods`(`id`,`seller_id`,`goods_name`,`default_item_id`,`audit_status`,`is_marketable`,`brand_id`,`caption`,`category1_id`,`category2_id`,`category3_id`,`small_pic`,`price`,`type_template_id`,`is_enable_spec`,`is_delete`) values (149187842867917,'yijia','华为手机',NULL,'0',NULL,NULL,'打折促销中',NULL,NULL,NULL,NULL,'3020.00',NULL,NULL,'1');
insert  into `tb_goods`(`id`,`seller_id`,`goods_name`,`default_item_id`,`audit_status`,`is_marketable`,`brand_id`,`caption`,`category1_id`,`category2_id`,`category3_id`,`small_pic`,`price`,`type_template_id`,`is_enable_spec`,`is_delete`) values (149187842867918,'yijia','华为手机',NULL,'0',NULL,NULL,'打折促销中',NULL,NULL,NULL,NULL,'3020.00',NULL,NULL,'1');
insert  into `tb_goods`(`id`,`seller_id`,`goods_name`,`default_item_id`,`audit_status`,`is_marketable`,`brand_id`,`caption`,`category1_id`,`category2_id`,`category3_id`,`small_pic`,`price`,`type_template_id`,`is_enable_spec`,`is_delete`) values (149187842867919,'yijia','华为手机',NULL,'0',NULL,NULL,'打折促销中',NULL,NULL,NULL,NULL,'3020.00',NULL,NULL,'1');
insert  into `tb_goods`(`id`,`seller_id`,`goods_name`,`default_item_id`,`audit_status`,`is_marketable`,`brand_id`,`caption`,`category1_id`,`category2_id`,`category3_id`,`small_pic`,`price`,`type_template_id`,`is_enable_spec`,`is_delete`) values (149187842867920,'yijia','华为手机',NULL,'0',NULL,NULL,'打折促销中',NULL,NULL,NULL,NULL,'3020.00',NULL,NULL,NULL);
insert  into `tb_goods`(`id`,`seller_id`,`goods_name`,`default_item_id`,`audit_status`,`is_marketable`,`brand_id`,`caption`,`category1_id`,`category2_id`,`category3_id`,`small_pic`,`price`,`type_template_id`,`is_enable_spec`,`is_delete`) values (149187842867921,'yijia','华为手机',NULL,'0',NULL,NULL,'打折促销中',NULL,NULL,NULL,NULL,'3020.00',NULL,NULL,'1');
insert  into `tb_goods`(`id`,`seller_id`,`goods_name`,`default_item_id`,`audit_status`,`is_marketable`,`brand_id`,`caption`,`category1_id`,`category2_id`,`category3_id`,`small_pic`,`price`,`type_template_id`,`is_enable_spec`,`is_delete`) values (149187842867922,'yijia','华为手机',NULL,'1',NULL,NULL,'打折促销中',NULL,NULL,NULL,NULL,'3020.00',NULL,NULL,NULL);
insert  into `tb_goods`(`id`,`seller_id`,`goods_name`,`default_item_id`,`audit_status`,`is_marketable`,`brand_id`,`caption`,`category1_id`,`category2_id`,`category3_id`,`small_pic`,`price`,`type_template_id`,`is_enable_spec`,`is_delete`) values (149187842867923,'yijia','华为手机',NULL,'1',NULL,NULL,'打折促销中',NULL,NULL,NULL,NULL,'3020.00',NULL,NULL,NULL);
insert  into `tb_goods`(`id`,`seller_id`,`goods_name`,`default_item_id`,`audit_status`,`is_marketable`,`brand_id`,`caption`,`category1_id`,`category2_id`,`category3_id`,`small_pic`,`price`,`type_template_id`,`is_enable_spec`,`is_delete`) values (149187842867924,'yijia','华为手机',NULL,'0',NULL,NULL,'打折促销中',NULL,NULL,NULL,NULL,'3020.00',NULL,NULL,NULL);
insert  into `tb_goods`(`id`,`seller_id`,`goods_name`,`default_item_id`,`audit_status`,`is_marketable`,`brand_id`,`caption`,`category1_id`,`category2_id`,`category3_id`,`small_pic`,`price`,`type_template_id`,`is_enable_spec`,`is_delete`) values (149187842867925,'yijia','华为手机',NULL,'0',NULL,NULL,'打折促销中',NULL,NULL,NULL,NULL,'3020.00',NULL,NULL,NULL);
insert  into `tb_goods`(`id`,`seller_id`,`goods_name`,`default_item_id`,`audit_status`,`is_marketable`,`brand_id`,`caption`,`category1_id`,`category2_id`,`category3_id`,`small_pic`,`price`,`type_template_id`,`is_enable_spec`,`is_delete`) values (149187842867926,'yijia','华为手机',NULL,'0',NULL,NULL,'打折促销中',NULL,NULL,NULL,NULL,'3020.00',NULL,NULL,NULL);
insert  into `tb_goods`(`id`,`seller_id`,`goods_name`,`default_item_id`,`audit_status`,`is_marketable`,`brand_id`,`caption`,`category1_id`,`category2_id`,`category3_id`,`small_pic`,`price`,`type_template_id`,`is_enable_spec`,`is_delete`) values (149187842867927,'yijia','华为手机',NULL,'0',NULL,NULL,'打折促销中',NULL,NULL,NULL,NULL,'3020.00',NULL,NULL,NULL);
insert  into `tb_goods`(`id`,`seller_id`,`goods_name`,`default_item_id`,`audit_status`,`is_marketable`,`brand_id`,`caption`,`category1_id`,`category2_id`,`category3_id`,`small_pic`,`price`,`type_template_id`,`is_enable_spec`,`is_delete`) values (149187842867928,'yijia','华为手机',NULL,'0',NULL,NULL,'打折促销中',NULL,NULL,NULL,NULL,'3020.00',NULL,NULL,NULL);
insert  into `tb_goods`(`id`,`seller_id`,`goods_name`,`default_item_id`,`audit_status`,`is_marketable`,`brand_id`,`caption`,`category1_id`,`category2_id`,`category3_id`,`small_pic`,`price`,`type_template_id`,`is_enable_spec`,`is_delete`) values (149187842867929,'yijia','华为手机',NULL,'0',NULL,NULL,'打折促销中',NULL,NULL,NULL,NULL,'3020.00',NULL,NULL,NULL);
insert  into `tb_goods`(`id`,`seller_id`,`goods_name`,`default_item_id`,`audit_status`,`is_marketable`,`brand_id`,`caption`,`category1_id`,`category2_id`,`category3_id`,`small_pic`,`price`,`type_template_id`,`is_enable_spec`,`is_delete`) values (149187842867930,'yijia','三星手机',NULL,'0',NULL,NULL,'三星手机火爆上市',NULL,NULL,NULL,NULL,'1500.00',NULL,NULL,NULL);
insert  into `tb_goods`(`id`,`seller_id`,`goods_name`,`default_item_id`,`audit_status`,`is_marketable`,`brand_id`,`caption`,`category1_id`,`category2_id`,`category3_id`,`small_pic`,`price`,`type_template_id`,`is_enable_spec`,`is_delete`) values (149187842867931,'yijia','炫彩',NULL,'1',NULL,NULL,'好产品',249,281,289,NULL,'100.00',11,NULL,NULL);
insert  into `tb_goods`(`id`,`seller_id`,`goods_name`,`default_item_id`,`audit_status`,`is_marketable`,`brand_id`,`caption`,`category1_id`,`category2_id`,`category3_id`,`small_pic`,`price`,`type_template_id`,`is_enable_spec`,`is_delete`) values (149187842867932,'qiandu','小米手机',NULL,'2',NULL,NULL,'就是抢不到',NULL,NULL,NULL,NULL,'1389.00',NULL,NULL,NULL);
insert  into `tb_goods`(`id`,`seller_id`,`goods_name`,`default_item_id`,`audit_status`,`is_marketable`,`brand_id`,`caption`,`category1_id`,`category2_id`,`category3_id`,`small_pic`,`price`,`type_template_id`,`is_enable_spec`,`is_delete`) values (149187842867933,'qiandu','大米手机',NULL,'2',NULL,NULL,'不是小米不知道',NULL,NULL,NULL,NULL,'8888.00',NULL,NULL,NULL);
insert  into `tb_goods`(`id`,`seller_id`,`goods_name`,`default_item_id`,`audit_status`,`is_marketable`,`brand_id`,`caption`,`category1_id`,`category2_id`,`category3_id`,`small_pic`,`price`,`type_template_id`,`is_enable_spec`,`is_delete`) values (149187842867934,'qiandu','黄米手机',NULL,'1',NULL,NULL,'不知道怎么样，买了就知道了',NULL,NULL,NULL,NULL,'6666.00',NULL,NULL,NULL);
insert  into `tb_goods`(`id`,`seller_id`,`goods_name`,`default_item_id`,`audit_status`,`is_marketable`,`brand_id`,`caption`,`category1_id`,`category2_id`,`category3_id`,`small_pic`,`price`,`type_template_id`,`is_enable_spec`,`is_delete`) values (149187842867935,'qiandu','三星手机',NULL,'1',NULL,NULL,'火爆上市',NULL,NULL,NULL,NULL,'3000.00',NULL,NULL,NULL);
insert  into `tb_goods`(`id`,`seller_id`,`goods_name`,`default_item_id`,`audit_status`,`is_marketable`,`brand_id`,`caption`,`category1_id`,`category2_id`,`category3_id`,`small_pic`,`price`,`type_template_id`,`is_enable_spec`,`is_delete`) values (149187842867936,'qiandu','四星手机',NULL,'1',NULL,NULL,'不曾火爆',NULL,NULL,NULL,NULL,'1.00',NULL,NULL,NULL);
insert  into `tb_goods`(`id`,`seller_id`,`goods_name`,`default_item_id`,`audit_status`,`is_marketable`,`brand_id`,`caption`,`category1_id`,`category2_id`,`category3_id`,`small_pic`,`price`,`type_template_id`,`is_enable_spec`,`is_delete`) values (149187842867937,'qiandu','测试',NULL,'2',NULL,3,'嗯嗯呃',378,386,389,NULL,'19.00',35,NULL,NULL);
insert  into `tb_goods`(`id`,`seller_id`,`goods_name`,`default_item_id`,`audit_status`,`is_marketable`,`brand_id`,`caption`,`category1_id`,`category2_id`,`category3_id`,`small_pic`,`price`,`type_template_id`,`is_enable_spec`,`is_delete`) values (149187842867938,'qiandu','测试商品',NULL,'2',NULL,5,'测试标题',438,486,490,NULL,'100.00',35,NULL,NULL);
insert  into `tb_goods`(`id`,`seller_id`,`goods_name`,`default_item_id`,`audit_status`,`is_marketable`,`brand_id`,`caption`,`category1_id`,`category2_id`,`category3_id`,`small_pic`,`price`,`type_template_id`,`is_enable_spec`,`is_delete`) values (149187842867939,'qiandu',NULL,NULL,'1',NULL,NULL,NULL,161,186,192,NULL,NULL,35,NULL,NULL);
insert  into `tb_goods`(`id`,`seller_id`,`goods_name`,`default_item_id`,`audit_status`,`is_marketable`,`brand_id`,`caption`,`category1_id`,`category2_id`,`category3_id`,`small_pic`,`price`,`type_template_id`,`is_enable_spec`,`is_delete`) values (149187842867940,'qiandu','测试商品',NULL,'1',NULL,2,'11',378,397,401,NULL,'111.00',35,NULL,NULL);
insert  into `tb_goods`(`id`,`seller_id`,`goods_name`,`default_item_id`,`audit_status`,`is_marketable`,`brand_id`,`caption`,`category1_id`,`category2_id`,`category3_id`,`small_pic`,`price`,`type_template_id`,`is_enable_spec`,`is_delete`) values (149187842867941,'qiandu','裙子',NULL,'1',NULL,NULL,'特别好',161,202,205,NULL,'100.00',35,NULL,NULL);
insert  into `tb_goods`(`id`,`seller_id`,`goods_name`,`default_item_id`,`audit_status`,`is_marketable`,`brand_id`,`caption`,`category1_id`,`category2_id`,`category3_id`,`small_pic`,`price`,`type_template_id`,`is_enable_spec`,`is_delete`) values (149187842867942,'qiandu','联想笔记本',NULL,'1',NULL,1,'最新款',580,625,627,NULL,'6666.00',35,NULL,NULL);
insert  into `tb_goods`(`id`,`seller_id`,`goods_name`,`default_item_id`,`audit_status`,`is_marketable`,`brand_id`,`caption`,`category1_id`,`category2_id`,`category3_id`,`small_pic`,`price`,`type_template_id`,`is_enable_spec`,`is_delete`) values (149187842867943,'qiandu','测试商品',NULL,'2',NULL,4,'小米雨鞋',865,866,874,NULL,'20.00',35,NULL,NULL);
insert  into `tb_goods`(`id`,`seller_id`,`goods_name`,`default_item_id`,`audit_status`,`is_marketable`,`brand_id`,`caption`,`category1_id`,`category2_id`,`category3_id`,`small_pic`,`price`,`type_template_id`,`is_enable_spec`,`is_delete`) values (149187842867944,'qiandu','红绕牛肉面',NULL,'1',NULL,4,'康师傅',378,405,410,NULL,'4.00',35,NULL,NULL);
insert  into `tb_goods`(`id`,`seller_id`,`goods_name`,`default_item_id`,`audit_status`,`is_marketable`,`brand_id`,`caption`,`category1_id`,`category2_id`,`category3_id`,`small_pic`,`price`,`type_template_id`,`is_enable_spec`,`is_delete`) values (149187842867945,'qiandu','康师傅漱口水',NULL,'1',NULL,2,'好喝的水，我们不生产',249,264,267,NULL,'1.00',35,NULL,NULL);
insert  into `tb_goods`(`id`,`seller_id`,`goods_name`,`default_item_id`,`audit_status`,`is_marketable`,`brand_id`,`caption`,`category1_id`,`category2_id`,`category3_id`,`small_pic`,`price`,`type_template_id`,`is_enable_spec`,`is_delete`) values (149187842867946,'qiandu','终极防盗锁',NULL,'2',NULL,2,'防火防盗',438,486,489,NULL,'10.00',35,NULL,NULL);
insert  into `tb_goods`(`id`,`seller_id`,`goods_name`,`default_item_id`,`audit_status`,`is_marketable`,`brand_id`,`caption`,`category1_id`,`category2_id`,`category3_id`,`small_pic`,`price`,`type_template_id`,`is_enable_spec`,`is_delete`) values (149187842867947,'qiandu','送流量的手机',NULL,'1',NULL,3,'不送白不送',558,562,1204,NULL,'1000.00',35,NULL,NULL);
insert  into `tb_goods`(`id`,`seller_id`,`goods_name`,`default_item_id`,`audit_status`,`is_marketable`,`brand_id`,`caption`,`category1_id`,`category2_id`,`category3_id`,`small_pic`,`price`,`type_template_id`,`is_enable_spec`,`is_delete`) values (149187842867948,'qiandu','测试商品',NULL,'1',NULL,2,'不知道啥类型',699,718,722,NULL,'10.00',35,NULL,NULL);
insert  into `tb_goods`(`id`,`seller_id`,`goods_name`,`default_item_id`,`audit_status`,`is_marketable`,`brand_id`,`caption`,`category1_id`,`category2_id`,`category3_id`,`small_pic`,`price`,`type_template_id`,`is_enable_spec`,`is_delete`) values (149187842867949,'qiandu','新款连衣裙',NULL,'1',NULL,9,'新款上市，不容错过',749,750,757,NULL,'99.00',35,NULL,NULL);
insert  into `tb_goods`(`id`,`seller_id`,`goods_name`,`default_item_id`,`audit_status`,`is_marketable`,`brand_id`,`caption`,`category1_id`,`category2_id`,`category3_id`,`small_pic`,`price`,`type_template_id`,`is_enable_spec`,`is_delete`) values (149187842867950,'qiandu','测试商品选号入网',NULL,'2',NULL,5,'好好好',558,562,566,NULL,'100.00',35,NULL,NULL);
insert  into `tb_goods`(`id`,`seller_id`,`goods_name`,`default_item_id`,`audit_status`,`is_marketable`,`brand_id`,`caption`,`category1_id`,`category2_id`,`category3_id`,`small_pic`,`price`,`type_template_id`,`is_enable_spec`,`is_delete`) values (149187842867951,'qiandu','好抱枕',NULL,'1',NULL,4,'促销',495,509,511,NULL,'10.00',35,NULL,NULL);
insert  into `tb_goods`(`id`,`seller_id`,`goods_name`,`default_item_id`,`audit_status`,`is_marketable`,`brand_id`,`caption`,`category1_id`,`category2_id`,`category3_id`,`small_pic`,`price`,`type_template_id`,`is_enable_spec`,`is_delete`) values (149187842867952,'qiandu','高端皮具护理',NULL,'1',NULL,3,'促销',633,683,689,NULL,'100.00',35,'1',NULL);
insert  into `tb_goods`(`id`,`seller_id`,`goods_name`,`default_item_id`,`audit_status`,`is_marketable`,`brand_id`,`caption`,`category1_id`,`category2_id`,`category3_id`,`small_pic`,`price`,`type_template_id`,`is_enable_spec`,`is_delete`) values (149187842867953,'qiandu','轻轻奶茶',NULL,'1',NULL,9,'好喝',378,412,416,NULL,'10.00',35,NULL,NULL);
insert  into `tb_goods`(`id`,`seller_id`,`goods_name`,`default_item_id`,`audit_status`,`is_marketable`,`brand_id`,`caption`,`category1_id`,`category2_id`,`category3_id`,`small_pic`,`price`,`type_template_id`,`is_enable_spec`,`is_delete`) values (149187842867954,'qiandu','古董',NULL,'1',NULL,9,'11',495,516,519,NULL,'11.00',35,'1',NULL);
insert  into `tb_goods`(`id`,`seller_id`,`goods_name`,`default_item_id`,`audit_status`,`is_marketable`,`brand_id`,`caption`,`category1_id`,`category2_id`,`category3_id`,`small_pic`,`price`,`type_template_id`,`is_enable_spec`,`is_delete`) values (149187842867955,'qiandu','测试商品110',NULL,'1',NULL,8,'好的',249,264,265,NULL,'100.00',35,NULL,NULL);
insert  into `tb_goods`(`id`,`seller_id`,`goods_name`,`default_item_id`,`audit_status`,`is_marketable`,`brand_id`,`caption`,`category1_id`,`category2_id`,`category3_id`,`small_pic`,`price`,`type_template_id`,`is_enable_spec`,`is_delete`) values (149187842867958,'qiandu','事务商品',NULL,'1',NULL,3,'112',296,314,318,NULL,'111.00',35,NULL,NULL);
insert  into `tb_goods`(`id`,`seller_id`,`goods_name`,`default_item_id`,`audit_status`,`is_marketable`,`brand_id`,`caption`,`category1_id`,`category2_id`,`category3_id`,`small_pic`,`price`,`type_template_id`,`is_enable_spec`,`is_delete`) values (149187842867960,'qiandu','精品半身裙（秋款打折）',NULL,'1',NULL,1,'打折促销',749,750,758,NULL,'100.00',35,'1',NULL);
insert  into `tb_goods`(`id`,`seller_id`,`goods_name`,`default_item_id`,`audit_status`,`is_marketable`,`brand_id`,`caption`,`category1_id`,`category2_id`,`category3_id`,`small_pic`,`price`,`type_template_id`,`is_enable_spec`,`is_delete`) values (149187842867961,'qiandu','大炒菜的锅',NULL,'1',NULL,1,'不沾油',699,700,701,NULL,'100.00',35,NULL,NULL);


#商品详情表
CREATE TABLE `tb_goods_desc` (
  `goods_id` bigint(20) NOT NULL COMMENT 'SPU_ID',
  `introduction` varchar(3000) DEFAULT NULL COMMENT '描述',
  `specification_items` varchar(3000) DEFAULT NULL COMMENT '规格结果集，所有规格，包含isSelected',
  `custom_attribute_items` varchar(3000) DEFAULT NULL COMMENT '自定义属性（参数结果）',
  `item_images` varchar(3000) DEFAULT NULL,
  `package_list` varchar(3000) DEFAULT NULL COMMENT '包装列表',
  `sale_service` varchar(3000) DEFAULT NULL COMMENT '售后服务',
  PRIMARY KEY (`goods_id`)
) ENGINE=InnoDB DEFAULT CHARSET=utf8;
#[{"text":"分辨率","value":"1920*1080(FHD)"},{"text":"后置摄像头","value":"1200万像素"},{"text":"前置摄像头","value":"500万像素"}]
DELETE from tb_goods_desc WHERE  goods_id=149187842867915;

insert  into `tb_goods_desc`(`goods_id`,`introduction`,`specification_items`,`custom_attribute_items`,`item_images`,`package_list`,`sale_service`) values (
  149187842867915,
  '<img src="img/_/intro01.png" /><img src="img/_/intro02.png" /><img src="img/_/intro03.png" />',
  '[{"attributeName":"网络","attributeValue":["移动3G","移动4G"]},{"attributeName":"机身内存","attributeValue":["16G","32G"]}]',
  '[{"text":"分辨率","value":"1920*1080(FHD)"},{"text":"后置摄像头","value":"1200万像素"},{"text":"前置摄像头","value":"500万像素"}]',
  '[{"color":"白色","url":"/img/_/b1.png"},{"color":"白色","url":"/img/_/b2.png"},{"color":"白色","url":"/img/_/b3.png"}]',
  'USB线，充电器，说明书',
  '1月包退，1年包换，3年保修，终身免费清洗');

insert  into `tb_goods_desc`(`goods_id`,`introduction`,`specification_items`,`custom_attribute_items`,`item_images`,`package_list`,`sale_service`) values (149187842867912,NULL,NULL,NULL,NULL,'USB线，充电器，说明书','1月包退，1年包换，3年保修，终身免费清洗');
insert  into `tb_goods_desc`(`goods_id`,`introduction`,`specification_items`,`custom_attribute_items`,`item_images`,`package_list`,`sale_service`) values (149187842867913,NULL,NULL,NULL,NULL,'USB线，充电器，说明书','1月包退，1年包换，3年保修，终身免费清洗');
insert  into `tb_goods_desc`(`goods_id`,`introduction`,`specification_items`,`custom_attribute_items`,`item_images`,`package_list`,`sale_service`) values (149187842867914,NULL,NULL,NULL,NULL,'USB线，充电器，说明书','1月包退，1年包换，3年保修，终身免费清洗');
insert  into `tb_goods_desc`(`goods_id`,`introduction`,`specification_items`,`custom_attribute_items`,`item_images`,`package_list`,`sale_service`) values (149187842867916,NULL,NULL,NULL,NULL,'USB线，充电器，说明书','1月包退，1年包换，3年保修，终身免费清洗');
insert  into `tb_goods_desc`(`goods_id`,`introduction`,`specification_items`,`custom_attribute_items`,`item_images`,`package_list`,`sale_service`) values (149187842867917,NULL,NULL,NULL,NULL,'USB线，充电器，说明书','1月包退，1年包换，3年保修，终身免费清洗');
insert  into `tb_goods_desc`(`goods_id`,`introduction`,`specification_items`,`custom_attribute_items`,`item_images`,`package_list`,`sale_service`) values (149187842867918,NULL,NULL,NULL,NULL,'USB线，充电器，说明书','1月包退，1年包换，3年保修，终身免费清洗');
insert  into `tb_goods_desc`(`goods_id`,`introduction`,`specification_items`,`custom_attribute_items`,`item_images`,`package_list`,`sale_service`) values (149187842867919,NULL,NULL,NULL,NULL,'USB线，充电器，说明书','1月包退，1年包换，3年保修，终身免费清洗');
insert  into `tb_goods_desc`(`goods_id`,`introduction`,`specification_items`,`custom_attribute_items`,`item_images`,`package_list`,`sale_service`) values (149187842867920,NULL,NULL,NULL,NULL,'USB线，充电器，说明书','1月包退，1年包换，3年保修，终身免费清洗');
insert  into `tb_goods_desc`(`goods_id`,`introduction`,`specification_items`,`custom_attribute_items`,`item_images`,`package_list`,`sale_service`) values (149187842867921,NULL,NULL,NULL,NULL,'USB线，充电器，说明书','1月包退，1年包换，3年保修，终身免费清洗');
insert  into `tb_goods_desc`(`goods_id`,`introduction`,`specification_items`,`custom_attribute_items`,`item_images`,`package_list`,`sale_service`) values (149187842867922,NULL,NULL,NULL,NULL,'USB线，充电器，说明书','1月包退，1年包换，3年保修，终身免费清洗');
insert  into `tb_goods_desc`(`goods_id`,`introduction`,`specification_items`,`custom_attribute_items`,`item_images`,`package_list`,`sale_service`) values (149187842867923,NULL,NULL,NULL,NULL,'USB线，充电器，说明书','1月包退，1年包换，3年保修，终身免费清洗');
insert  into `tb_goods_desc`(`goods_id`,`introduction`,`specification_items`,`custom_attribute_items`,`item_images`,`package_list`,`sale_service`) values (149187842867924,NULL,NULL,NULL,NULL,'USB线，充电器，说明书','1月包退，1年包换，3年保修，终身免费清洗');
insert  into `tb_goods_desc`(`goods_id`,`introduction`,`specification_items`,`custom_attribute_items`,`item_images`,`package_list`,`sale_service`) values (149187842867925,NULL,NULL,NULL,NULL,'USB线，充电器，说明书','1月包退，1年包换，3年保修，终身免费清洗');
insert  into `tb_goods_desc`(`goods_id`,`introduction`,`specification_items`,`custom_attribute_items`,`item_images`,`package_list`,`sale_service`) values (149187842867926,NULL,NULL,NULL,NULL,'USB线，充电器，说明书','1月包退，1年包换，3年保修，终身免费清洗');
insert  into `tb_goods_desc`(`goods_id`,`introduction`,`specification_items`,`custom_attribute_items`,`item_images`,`package_list`,`sale_service`) values (149187842867927,NULL,NULL,NULL,NULL,'USB线，充电器，说明书','1月包退，1年包换，3年保修，终身免费清洗');
insert  into `tb_goods_desc`(`goods_id`,`introduction`,`specification_items`,`custom_attribute_items`,`item_images`,`package_list`,`sale_service`) values (149187842867928,NULL,NULL,NULL,NULL,'USB线，充电器，说明书','1月包退，1年包换，3年保修，终身免费清洗');
insert  into `tb_goods_desc`(`goods_id`,`introduction`,`specification_items`,`custom_attribute_items`,`item_images`,`package_list`,`sale_service`) values (149187842867929,NULL,NULL,NULL,NULL,'USB线，充电器，说明书','1月包退，1年包换，3年保修，终身免费清洗');
insert  into `tb_goods_desc`(`goods_id`,`introduction`,`specification_items`,`custom_attribute_items`,`item_images`,`package_list`,`sale_service`) values (149187842867930,NULL,NULL,NULL,NULL,'无','无');
insert  into `tb_goods_desc`(`goods_id`,`introduction`,`specification_items`,`custom_attribute_items`,`item_images`,`package_list`,`sale_service`) values (149187842867931,NULL,NULL,NULL,'[{\"color\":\"红色\",\"url\":\"http://192.168.25.133/group1/M00/00/01/wKgZhVmHINKADo__AAjlKdWCzvg874.jpg\"},{\"color\":\"黑色\",\"url\":\"http://192.168.25.133/group1/M00/00/01/wKgZhVmHINyAQAXHAAgawLS1G5Y136.jpg\"}]','11','11');
insert  into `tb_goods_desc`(`goods_id`,`introduction`,`specification_items`,`custom_attribute_items`,`item_images`,`package_list`,`sale_service`) values (149187842867932,NULL,NULL,NULL,NULL,'纸包装','一年包退');
insert  into `tb_goods_desc`(`goods_id`,`introduction`,`specification_items`,`custom_attribute_items`,`item_images`,`package_list`,`sale_service`) values (149187842867933,NULL,NULL,NULL,NULL,'塑料袋','永久保修');
insert  into `tb_goods_desc`(`goods_id`,`introduction`,`specification_items`,`custom_attribute_items`,`item_images`,`package_list`,`sale_service`) values (149187842867934,NULL,NULL,NULL,NULL,'没有','没有');
insert  into `tb_goods_desc`(`goods_id`,`introduction`,`specification_items`,`custom_attribute_items`,`item_images`,`package_list`,`sale_service`) values (149187842867935,'<h1>\n	<strong><span style=\"color:#E53333;\">火爆没有理由！就是这样！</span></strong>\n</h1>',NULL,NULL,NULL,'没有包装','没有售后');
insert  into `tb_goods_desc`(`goods_id`,`introduction`,`specification_items`,`custom_attribute_items`,`item_images`,`package_list`,`sale_service`) values (149187842867936,'<h2>\n	<strong><span style=\"color:#E53333;\">你绝对你没听过这款手机~</span></strong>\n</h2>',NULL,NULL,NULL,'没有','真没有');
insert  into `tb_goods_desc`(`goods_id`,`introduction`,`specification_items`,`custom_attribute_items`,`item_images`,`package_list`,`sale_service`) values (149187842867937,NULL,NULL,'[{\"text\":\"内存大小\",\"value\":\"10M\"},{\"text\":\"颜色\",\"value\":\"红色\"}]','[]','号','号');
insert  into `tb_goods_desc`(`goods_id`,`introduction`,`specification_items`,`custom_attribute_items`,`item_images`,`package_list`,`sale_service`) values (149187842867938,'1111','[{\"attributeName\":\"网络制式\",\"attributeValue\":[\"移动3G\",\"移动4G\"]},{\"attributeName\":\"屏幕尺寸\",\"attributeValue\":[\"6寸\",\"5寸\"]}]','[{\"text\":\"内存大小\",\"value\":\"10M\"},{\"text\":\"颜色\",\"value\":\"花\"}]','[]','没有','真没有');
insert  into `tb_goods_desc`(`goods_id`,`introduction`,`specification_items`,`custom_attribute_items`,`item_images`,`package_list`,`sale_service`) values (149187842867939,NULL,'[{\"attributeName\":\"网络制式\",\"attributeValue\":[\"移动3G\",\"移动4G\"]},{\"attributeName\":\"屏幕尺寸\",\"attributeValue\":[\"6寸\",\"5.5寸\"]}]','[{\"text\":\"内存大小\"},{\"text\":\"颜色\"}]','[]',NULL,NULL);
insert  into `tb_goods_desc`(`goods_id`,`introduction`,`specification_items`,`custom_attribute_items`,`item_images`,`package_list`,`sale_service`) values (149187842867940,NULL,'[{\"attributeName\":\"网络制式\",\"attributeValue\":[\"移动3G\",\"移动4G\"]},{\"attributeName\":\"屏幕尺寸\",\"attributeValue\":[\"5.5寸\",\"5寸\"]}]','[{\"text\":\"内存大小\"},{\"text\":\"颜色\"}]','[]','11','11');
insert  into `tb_goods_desc`(`goods_id`,`introduction`,`specification_items`,`custom_attribute_items`,`item_images`,`package_list`,`sale_service`) values (149187842867941,'100&nbsp;&nbsp;&nbsp;&nbsp;',NULL,NULL,'[{\"color\":\"白色\",\"url\":\"http://192.168.25.133/group1/M00/00/00/wKgZhVmNXEWAWuHOAAjlKdWCzvg949.jpg\"},{\"color\":\"黑色\",\"url\":\"http://192.168.25.133/group1/M00/00/00/wKgZhVmNXEuAB_ujAAETwD7A1Is158.jpg\"},{\"color\":\"蓝色\",\"url\":\"http://192.168.25.133/group1/M00/00/00/wKgZhVmNXFWANtjTAAFa4hmtWek619.jpg\"}]','100','100');
insert  into `tb_goods_desc`(`goods_id`,`introduction`,`specification_items`,`custom_attribute_items`,`item_images`,`package_list`,`sale_service`) values (149187842867942,'好本子',NULL,NULL,'[]','纸箱','一年');
insert  into `tb_goods_desc`(`goods_id`,`introduction`,`specification_items`,`custom_attribute_items`,`item_images`,`package_list`,`sale_service`) values (149187842867943,'真好',NULL,'[{\"text\":\"内存大小\",\"value\":\"40M\"},{\"text\":\"颜色\",\"value\":\"透明\"}]','[]','没有','没有');
insert  into `tb_goods_desc`(`goods_id`,`introduction`,`specification_items`,`custom_attribute_items`,`item_images`,`package_list`,`sale_service`) values (149187842867944,'好吃','[{\"attributeName\":\"网络制式\",\"attributeValue\":[\"移动4G\"]},{\"attributeName\":\"屏幕尺寸\",\"attributeValue\":[\"5.5寸\",\"4.5寸\"]}]','[{\"text\":\"内存大小\"},{\"text\":\"颜色\"}]','[]','四个包','没有');
insert  into `tb_goods_desc`(`goods_id`,`introduction`,`specification_items`,`custom_attribute_items`,`item_images`,`package_list`,`sale_service`) values (149187842867945,'1','[{\"attributeName\":\"网络制式\",\"attributeValue\":[\"移动3G\",\"移动4G\"]},{\"attributeName\":\"屏幕尺寸\",\"attributeValue\":[\"6寸\",\"5.5寸\"]}]','[{\"text\":\"内存大小\"},{\"text\":\"颜色\"}]','[]','1','1');
insert  into `tb_goods_desc`(`goods_id`,`introduction`,`specification_items`,`custom_attribute_items`,`item_images`,`package_list`,`sale_service`) values (149187842867946,'10&nbsp;&nbsp;&nbsp;&nbsp;','[{\"attributeName\":\"网络制式\",\"attributeValue\":[\"移动3G\",\"移动4G\"]},{\"attributeName\":\"屏幕尺寸\",\"attributeValue\":[\"6寸\",\"5.5寸\"]}]','[{\"text\":\"内存大小\"},{\"text\":\"颜色\"}]','[]','10','10');
insert  into `tb_goods_desc`(`goods_id`,`introduction`,`specification_items`,`custom_attribute_items`,`item_images`,`package_list`,`sale_service`) values (149187842867947,'100&nbsp;&nbsp;&nbsp;&nbsp;','[{\"attributeName\":\"网络制式\",\"attributeValue\":[\"移动3G\",\"移动4G\"]},{\"attributeName\":\"屏幕尺寸\",\"attributeValue\":[\"6寸\",\"5.5寸\"]}]','[{\"text\":\"内存大小\"},{\"text\":\"颜色\"}]','[]','1','1');
insert  into `tb_goods_desc`(`goods_id`,`introduction`,`specification_items`,`custom_attribute_items`,`item_images`,`package_list`,`sale_service`) values (149187842867948,'11','[{\"attributeName\":\"网络制式\",\"attributeValue\":[\"移动3G\",\"移动4G\"]},{\"attributeName\":\"屏幕尺寸\",\"attributeValue\":[\"5.5寸\",\"5寸\"]}]','[{\"text\":\"内存大小\"},{\"text\":\"颜色\"}]','[]','11','11');
insert  into `tb_goods_desc`(`goods_id`,`introduction`,`specification_items`,`custom_attribute_items`,`item_images`,`package_list`,`sale_service`) values (149187842867949,'好&nbsp;&nbsp;&nbsp;&nbsp;','[]','[{\"text\":\"内存大小\",\"value\":\"10M\"},{\"text\":\"颜色\"}]','[{\"color\":\"白色\",\"url\":\"http://192.168.25.133/group1/M00/00/00/wKgZhVmOWsOAPwNYAAjlKdWCzvg742.jpg\"},{\"color\":\"黑色\",\"url\":\"http://192.168.25.133/group1/M00/00/00/wKgZhVmOWs2ABppQAAETwD7A1Is142.jpg\"}]','无','无');
insert  into `tb_goods_desc`(`goods_id`,`introduction`,`specification_items`,`custom_attribute_items`,`item_images`,`package_list`,`sale_service`) values (149187842867950,'111','[]','[{\"text\":\"内存大小\",\"value\":\"10M\"},{\"text\":\"颜色\",\"value\":\"红色\"}]','[{\"color\":\"黄色\",\"url\":\"http://192.168.25.133/group1/M00/00/00/wKgZhVmOXbeAC_kjAAjlKdWCzvg391.jpg\"},{\"color\":\"黑色\",\"url\":\"http://192.168.25.133/group1/M00/00/00/wKgZhVmOXcKATOFiAAETwD7A1Is494.jpg\"}]','222','333');
insert  into `tb_goods_desc`(`goods_id`,`introduction`,`specification_items`,`custom_attribute_items`,`item_images`,`package_list`,`sale_service`) values (149187842867951,'<h2>\n	<strong><em><u><span style=\"color:#E53333;\">商品介绍 &nbsp;<img src=\"http://localhost:9102/plugins/kindeditor/plugins/emoticons/images/10.gif\" border=\"0\" alt=\"\" /></span></u></em></strong>\n</h2>','[]','[{\"text\":\"内存大小\",\"value\":\"19M\"},{\"text\":\"颜色\",\"value\":\"黑色\"}]','[{\"color\":\"粉色\",\"url\":\"http://192.168.25.133/group1/M00/00/00/wKgZhVmOXq2AFIs5AAgawLS1G5Y004.jpg\"},{\"color\":\"黑色\",\"url\":\"http://192.168.25.133/group1/M00/00/00/wKgZhVmOXrWAcIsOAAETwD7A1Is874.jpg\"}]','无','无');
insert  into `tb_goods_desc`(`goods_id`,`introduction`,`specification_items`,`custom_attribute_items`,`item_images`,`package_list`,`sale_service`) values (149187842867952,'111','[{\"attributeName\":\"网络制式\",\"attributeValue\":[\"移动3G\",\"移动4G\",\"联通3G\"]},{\"attributeName\":\"屏幕尺寸\",\"attributeValue\":[\"5.5寸\",\"6寸\"]}]','[{\"text\":\"内存大小\",\"value\":\"200M\"},{\"text\":\"颜色\",\"value\":\"白\"}]','[{\"color\":\"白色\",\"url\":\"http://192.168.25.133/group1/M00/00/00/wKgZhVmOZxyAfH5xAAFa4hmtWek092.jpg\"}]','无包装','一年');
insert  into `tb_goods_desc`(`goods_id`,`introduction`,`specification_items`,`custom_attribute_items`,`item_images`,`package_list`,`sale_service`) values (149187842867953,'10&nbsp;&nbsp;&nbsp;&nbsp;','[]','[{\"text\":\"内存大小\",\"value\":\"10M\"},{\"text\":\"颜色\",\"value\":\"红\"}]','[]','10','10');
insert  into `tb_goods_desc`(`goods_id`,`introduction`,`specification_items`,`custom_attribute_items`,`item_images`,`package_list`,`sale_service`) values (149187842867954,'11','[{\"attributeName\":\"网络制式\",\"attributeValue\":[\"移动3G\",\"移动4G\"]},{\"attributeName\":\"屏幕尺寸\",\"attributeValue\":[\"6寸\",\"5.5寸\"]}]','[{\"text\":\"内存大小\",\"value\":\"101M\"},{\"text\":\"颜色\",\"value\":\"红色\"}]','[]','11','1');
insert  into `tb_goods_desc`(`goods_id`,`introduction`,`specification_items`,`custom_attribute_items`,`item_images`,`package_list`,`sale_service`) values (149187842867955,'11','[]','[{\"text\":\"内存大小\",\"value\":\"10G\"},{\"text\":\"颜色\",\"value\":\"红色\"}]','[{\"color\":\"白色\",\"url\":\"http://192.168.25.133/group1/M00/00/00/wKgZhVnGZfWAaX2hAAjlKdWCzvg173.jpg\"}]','22','33');
insert  into `tb_goods_desc`(`goods_id`,`introduction`,`specification_items`,`custom_attribute_items`,`item_images`,`package_list`,`sale_service`) values (149187842867960,'11<img src=\"http://localhost:9102/plugins/kindeditor/plugins/emoticons/images/10.gif\" border=\"0\" alt=\"\" /><img src=\"http://localhost:9102/plugins/kindeditor/plugins/emoticons/images/20.gif\" border=\"0\" alt=\"\" />','[{\"attributeName\":\"网络\",\"attributeValue\":[\"移动3G\",\"移动4G\"]},{\"attributeName\":\"机身内存\",\"attributeValue\":[\"16G\",\"32G\"]}]','[{\"text\":\"内存大小\",\"value\":\"20G\"},{\"text\":\"颜色\",\"value\":\"灰色\"}]','[{\"color\":\"白色\",\"url\":\"http://192.168.25.133/group1/M00/00/00/wKgZhVnGbYuAO6AHAAjlKdWCzvg253.jpg\"},{\"color\":\"蓝色\",\"url\":\"http://192.168.25.133/group1/M00/00/00/wKgZhVnKX4yAbCC0AAFa4hmtWek406.jpg\"},{\"color\":\"黑色\",\"url\":\"http://192.168.25.133/group1/M00/00/00/wKgZhVnKX5WAOsqXAAETwD7A1Is409.jpg\"}]','塑料袋','无');

CREATE TABLE `tb_item_cat` (
  `id` bigint(20) NOT NULL AUTO_INCREMENT COMMENT '类目ID',
  `parent_id` bigint(20) DEFAULT NULL COMMENT '父类目ID=0时，代表的是一级的类目',
  `name` varchar(50) DEFAULT NULL COMMENT '类目名称',
  `type_id` bigint(11) DEFAULT NULL COMMENT '类型id',
  PRIMARY KEY (`id`),
  KEY `parent_id` (`parent_id`)
) ENGINE=InnoDB AUTO_INCREMENT=1205 DEFAULT CHARSET=utf8 COMMENT='商品类目';


CREATE TABLE `tb_item` (
  `id` bigint(20) NOT NULL AUTO_INCREMENT COMMENT '商品id，同时也是商品编号',
  `title` varchar(100) NOT NULL COMMENT '商品标题',
  `sell_point` varchar(500) DEFAULT NULL COMMENT '商品卖点',
  `price` decimal(20,2) NOT NULL COMMENT '商品价格，单位为：元',
  `stock_count` int(10) DEFAULT NULL,
  `num` int(10) NOT NULL COMMENT '库存数量',
  `barcode` varchar(30) DEFAULT NULL COMMENT '商品条形码',
  `image` varchar(2000) DEFAULT NULL COMMENT '商品图片',
  `categoryId` bigint(10) NOT NULL COMMENT '所属类目，叶子类目',
  `status` varchar(1) NOT NULL COMMENT '商品状态，1-正常，2-下架，3-删除',
  `create_time` datetime NOT NULL COMMENT '创建时间',
  `update_time` datetime NOT NULL COMMENT '更新时间',
  `item_sn` varchar(30) DEFAULT NULL,
  `cost_pirce` decimal(10,2) DEFAULT NULL,
  `market_price` decimal(10,2) DEFAULT NULL,
  `is_default` varchar(1) DEFAULT NULL,
  `goods_id` bigint(20) DEFAULT NULL,
  `seller_id` varchar(30) DEFAULT NULL,
  `cart_thumbnail` varchar(150) DEFAULT NULL,
  `category` varchar(200) DEFAULT NULL,
  `brand` varchar(100) DEFAULT NULL,
  `spec` varchar(200) DEFAULT NULL,
  `seller` varchar(200) DEFAULT NULL,
  PRIMARY KEY (`id`),
  KEY `cid` (`categoryId`),
  KEY `status` (`status`),
  KEY `updated` (`update_time`)
) ENGINE=InnoDB AUTO_INCREMENT=1369284 DEFAULT CHARSET=utf8 COMMENT='商品表';
select * from tb_item;
DELETE from tb_item WHERE id=149187842867915;
insert  into `tb_item`(`id`,`title`,`sell_point`,`price`,`stock_count`,`num`,`barcode`,`image`,`categoryId`,`status`,`create_time`,`update_time`,`item_sn`,`cost_pirce`,`market_price`,`is_default`,`goods_id`,`seller_id`,`cart_thumbnail`,`category`,`brand`,`spec`,`seller`) values (149187842867915,'new2 - 阿尔卡特 (OT-927) 炭黑 联通3G手机 双卡双待','清仓！仅北京，武汉仓有货！','299000.00',NULL,99999,'','/img/today04.png',560,'1','2015-03-08 21:33:18','2015-04-11 20:38:38',NULL,NULL,NULL,NULL,1,'1',NULL,'手机','阿尔卡特','{\"机身内存\":\"16G\",\"网络\":\"联通3G\"}','阿尔卡特');
insert  into `tb_item`(`id`,`title`,`sell_point`,`price`,`stock_count`,`num`,`barcode`,`image`,`categoryId`,`status`,`create_time`,`update_time`,`item_sn`,`cost_pirce`,`market_price`,`is_default`,`goods_id`,`seller_id`,`cart_thumbnail`,`category`,`brand`,`spec`,`seller`) values (536563,'new2 - 阿尔卡特 (OT-927) 炭黑 联通3G手机 双卡双待','清仓！仅北京，武汉仓有货！','299000.00',NULL,99999,'','http://img12.360buyimg.com/n1/s450x450_jfs/t3034/299/2060854617/119711/577e85cb/57d11b6cN1fd1194d.jpg',560,'1','2015-03-08 21:33:18','2015-04-11 20:38:38',NULL,NULL,NULL,NULL,1,'1',NULL,'手机','阿尔卡特','{\"机身内存\":\"16G\",\"网络\":\"联通3G\"}','阿尔卡特');
